[
  {
    "id": "8f29c95c-be7e-44e2-bdce-24295058ee7b",
    "data": [
      {
        "text": "for anything not match",
        "userDefined": false
      }
    ],
    "isTemplate": false,
    "count": 0,
    "lang": "en",
    "updated": 0
  },
  {
    "id": "f637dbc1-baf0-4299-912a-66d5b5541332",
    "data": [
      {
        "text": "i want a refund",
        "userDefined": false
      }
    ],
    "isTemplate": false,
    "count": 0,
    "lang": "en",
    "updated": 0
  },
  {
    "id": "2b7451b6-7e1a-4016-adf2-4eb39700b171",
    "data": [
      {
        "text": "where is my order?",
        "userDefined": false
      }
    ],
    "isTemplate": false,
    "count": 0,
    "lang": "en",
    "updated": 0
  }
]